{
    "1": {
        "Id": 1,
        "Title": "my freands group",
        "MembersId": [
            1,
            2
        ],
        "AdminId": 1,
        "MassagesId": [
            1,
            2,
            6,
            7,
            8,
            9,
            10,
            11,
            12,
            13,
            14,
            15,
            16,
            17,
            18,
            19,
            20,
            21,
            22,
            23,
            24,
            25,
            26,
            27,
            28,
            29,
            30
        ],
        "DefaultAgeRange":0,
        "GroupTypeId": 1
    }
}