{
    "1": {
        "Id": 1,
        "Value": "salam doustan man ali hastam",
        "GroupId": 1,
        "UserId": 1,
        "Time": "12:30",
        "SeenersId": [
            1
        ],
        "AgeRange": 0
    },
    "2": {
        "Id": 2,
        "Value": "salam doustan man reza hastam",
        "GroupId": 1,
        "UserId": 2,
        "Time": "12:30",
        "SeenersId": [
            2
        ],
        "AgeRange": 0
    },
    "6": {
        "Id": 6,
        "Value": "salam",
        "GroupId": 1,
        "UserId": 2,
        "Time": "2024-07-04 21:23:52.305795",
        "SeenersId": [],
        "AgeRange": 0
    },
    "7": {
        "Id": 7,
        "Value": "ha!",
        "GroupId": 1,
        "UserId": 1,
        "Time": "2024-07-04 21:24:41.211947",
        "SeenersId": [],
        "AgeRange": 0
    },
    "8": {
        "Id": 8,
        "Value": "salam",
        "GroupId": 1,
        "UserId": 2,
        "Time": "2024-07-04 22:12:07.541882",
        "SeenersId": [],
        "AgeRange": 0
    },
    "9": {
        "Id": 9,
        "Value": "",
        "GroupId": 1,
        "UserId": 2,
        "Time": "2024-07-04 22:13:57.174033",
        "SeenersId": [],
        "AgeRange": 0
    },
    "10": {
        "Id": 10,
        "Value": "baba vel kon dogeh!",
        "GroupId": 1,
        "UserId": 1,
        "Time": "2024-07-04 22:15:10.213612",
        "SeenersId": [],
        "AgeRange": 0
    },
    "11": {
        "Id": 11,
        "Value": "man ali hastam kho!",
        "GroupId": 1,
        "UserId": 1,
        "Time": "2024-07-04 22:17:37.327562",
        "SeenersId": [],
        "AgeRange": 0
    },
    "12": {
        "Id": 12,
        "Value": "man reza hastam!",
        "GroupId": 1,
        "UserId": 2,
        "Time": "2024-07-04 22:18:40.526261",
        "SeenersId": [],
        "AgeRange": 0
    },
    "13": {
        "Id": 13,
        "Value": ".",
        "GroupId": 1,
        "UserId": 1,
        "Time": "2024-07-04 22:18:45.253013",
        "SeenersId": [],
        "AgeRange": 0
    },
    "14": {
        "Id": 14,
        "Value": ".",
        "GroupId": 1,
        "UserId": 2,
        "Time": "2024-07-04 22:18:55.794591",
        "SeenersId": [],
        "AgeRange": 0
    },
    "15": {
        "Id": 15,
        "Value": "salam",
        "GroupId": 1,
        "UserId": 2,
        "Time": "2024-07-04 23:12:29.873199",
        "SeenersId": [],
        "AgeRange": 0
    },
    "16": {
        "Id": 16,
        "Value": "salam reza!",
        "GroupId": 1,
        "UserId": 1,
        "Time": "2024-07-04 23:13:23.415319",
        "SeenersId": [],
        "AgeRange": 0
    },
    "17": {
        "Id": 17,
        "Value": "?",
        "GroupId": 1,
        "UserId": 2,
        "Time": "2024-07-04 23:13:39.921760",
        "SeenersId": [],
        "AgeRange": 0
    },
    "18": {
        "Id": 18,
        "Value": ".",
        "GroupId": 1,
        "UserId": 1,
        "Time": "2024-07-04 23:13:45.406986",
        "SeenersId": [],
        "AgeRange": 0
    },
    "19": {
        "Id": 19,
        "Value": "\u0018",
        "GroupId": 1,
        "UserId": 2,
        "Time": "2024-07-04 23:15:43.288332",
        "SeenersId": [],
        "AgeRange": 0
    },
    "20": {
        "Id": 20,
        "Value": "salam",
        "GroupId": 1,
        "UserId": 2,
        "Time": "2024-07-04 23:18:23.041389",
        "SeenersId": [],
        "AgeRange": 0
    },
    "21": {
        "Id": 21,
        "Value": "salam",
        "GroupId": 1,
        "UserId": 1,
        "Time": "2024-07-04 23:19:00.220376",
        "SeenersId": [],
        "AgeRange": 0
    },
    "22": {
        "Id": 22,
        "Value": ".",
        "GroupId": 1,
        "UserId": 2,
        "Time": "2024-07-04 23:19:03.741841",
        "SeenersId": [],
        "AgeRange": 0
    },
    "23": {
        "Id": 23,
        "Value": "emrouz halet chetoureh?!",
        "GroupId": 1,
        "UserId": 2,
        "Time": "2024-07-06 13:18:05.324445",
        "SeenersId": [],
        "AgeRange": 0
    },
    "24": {
        "Id": 24,
        "Value": "salasdmlkdf",
        "GroupId": 1,
        "UserId": 2,
        "Time": "2024-07-11 00:21:17.981919",
        "SeenersId": [],
        "AgeRange": 0
    },
    "25": {
        "Id": 25,
        "Value": "saasdfnsklgjkl",
        "GroupId": 1,
        "UserId": 1,
        "Time": "2024-07-11 00:21:55.957762",
        "SeenersId": [],
        "AgeRange": 0
    },
    "26": {
        "Id": 26,
        "Value": ".",
        "GroupId": 1,
        "UserId": 2,
        "Time": "2024-07-11 00:22:06.390794",
        "SeenersId": [],
        "AgeRange": 0
    },
    "27": {
        "Id": 27,
        "Value": ".",
        "GroupId": 1,
        "UserId": 1,
        "Time": "2024-07-11 00:22:14.597623",
        "SeenersId": [],
        "AgeRange": 0
    },
    "28": {
        "Id": 28,
        "Value": "salam",
        "GroupId": 1,
        "UserId": 2,
        "Time": "2024-07-11 01:15:39.289847",
        "SeenersId": [],
        "AgeRange": 0
    },
    "29": {
        "Id": 29,
        "Value": "aslam",
        "GroupId": 1,
        "UserId": 1,
        "Time": "2024-07-11 01:16:15.795350",
        "SeenersId": [],
        "AgeRange": 0
    },
    "30": {
        "Id": 30,
        "Value": ".",
        "GroupId": 1,
        "UserId": 2,
        "Time": "2024-07-11 01:16:20.389416",
        "SeenersId": [],
        "AgeRange": 0
    }
}