{"1": {"Id": 1, "Name": "Ali", "UserName": "ali", "Password": "4321", "SexId": 1, "GroupId": [1], "Age": 12}, "2": {"Id": 2, "Name": "Reza", "UserName": "reza", "Password": "1234", "SexId": 1, "GroupId": [1], "Age": 12}, "3": {"Id": 3, "Name": "Mohammad", "UserName": "mohammad", "Password": "1234", "SexId": 1, "GroupId": [], "Age": 12}, "4": {"Id": 4, "Name": "Amir", "UserName": "amir", "Password": "0914", "SexId": 1, "GroupId": [], "Age": 12}, "5": {"Id": 5, "Name": "Ali", "UserName": "aliali", "Password": "1111", "SexId": 1, "GroupId": [], "Age": 12}, "6": {"Id": 6, "Name": "Mohammad", "UserName": "mohammad2", "Password": "1234", "SexId": 1, "Age": 23, "GroupId": []}, "7": {"Id": 7, "Name": "Mohammad", "UserName": "mohammad3", "Password": "1234", "SexId": 1, "Age": 23, "GroupId": []}, "8": {"Id": 8, "Name": "Zahra", "UserName": "zar", "Password": "1234", "SexId": 2, "Age": 12, "GroupId": []}, "9": {"Id": 9, "Name": "Fatemeh", "UserName": "fat", "Password": "1234", "SexId": "2", "Age": 12, "GroupId": []}, "10": {"Id": 10, "Name": "Yaser", "UserName": "yaser", "Password": "6789", "SexId": "1", "Age": "12", "GroupId": []}}